<?xml version="1.0" encoding="UTF-8" standalone="yes"?>
<addon id="repository.Hacker0x00" name="Hacker0x00 Repository" version="1.0.0" provider-name="Hacker0x00">
        <requires>
            <import addon="xbmc.addon" version="12.0.0"/>
        </requires>
        <extension point="xbmc.addon.repository" name="Hacker0x00 Repository">
            <info compressed="false">https://gitlab.unplugd.net/Hacker0x00/addons.Hacker0x00/-/raw/main/addons.xml</info>
            <checksum>https://gitlab.unplugd.net/Hacker0x00/addons.Hacker0x00/-/raw/main/addons.xml.md5</checksum>
            <datadir zip="true">https://gitlab.unplugd.net/Hacker0x00/addons.Hacker0x00/-/raw/main/</datadir>
            <hashes>false</hashes>
            <dir>
    <info compressed="false">https://raw.githubusercontent.com/Gujal00/smrzips/master/addons.xml</info>
    <checksum>https://raw.githubusercontent.com/Gujal00/smrzips/master/addons.xml.md5</checksum>
    <datadir zip="true">https://raw.githubusercontent.com/Gujal00/smrzips/master/zips/</datadir>
    </dir>
        </extension>
        <extension point="xbmc.addon.metadata">
            <summary>Repository for Hacker0x00 addons.</summary>
            <description>Install ThePromise.</description>
            <platform>all</platform>
    </extension>
</addon>
